Tweets,Subjectivity,Polarity,Analysis
"2350:  I have been trying to get a refund on my 2 tickets since August 2021. Every time I contact customer care, all t‚Ä¶",0.0,0.0,Neutral
"Extreme heat, droughts, floods and storms, ultraviolet radiation, ozone exposure, and air pollution all have direct consequences for human health. 

Why India needs a plan to mitigate these factors all the way down to the local level. 

",0.3577777777777778,-0.036111111111111115,Negative
"_IDS_India: During their ongoing visit to India, Gen Angus Campbell, Chief of Defence Forces &amp; Mr Greg Moriarty, Secretary, Dept of D‚Ä¶",0.0,0.0,Neutral
" Who was owner of  you know that, also you know about JRD TATA???

He was the first pilot of Air India, took charge of the cockpit in 1932, when your so called coward pilot was not born‚Ä¶ ",0.3333333333333333,0.25,Positive
"_IDS_India: During their ongoing visit to India, Gen Angus Campbell, Chief of Defence Forces &amp; Mr Greg Moriarty, Secretary, Dept of D‚Ä¶",0.0,0.0,Neutral
"_IDS_India: During their ongoing visit to India, Gen Angus Campbell, Chief of Defence Forces &amp; Mr Greg Moriarty, Secretary, Dept of D‚Ä¶",0.0,0.0,Neutral
"_IDS_India: During their ongoing visit to India, Gen Angus Campbell, Chief of Defence Forces &amp; Mr Greg Moriarty, Secretary, Dept of D‚Ä¶",0.0,0.0,Neutral
"_IDS_India: During their ongoing visit to India, Gen Angus Campbell, Chief of Defence Forces &amp; Mr Greg Moriarty, Secretary, Dept of D‚Ä¶",0.0,0.0,Neutral
"WWDC 2022 expectations: iOS 16, MacBook Air 2022, and everything else Apple is likely to launch - India Today ",1.0,0.0,Neutral
air india customer service will be the death of me,0.0,0.0,Neutral
"THE ROYAL CANADIAN AIR FORCE (RCAF)
The RCAF is no different and is part of the Canadian Armed Forces and the National Defence. It defends and protects Canadian and North American 

READ MORE: 

airforce india usa army  america  aviation military",0.30000000000000004,0.1,Positive
"During their ongoing visit to India, Gen Angus Campbell, Chief of Defence Forces &amp; Mr Greg Moriarty, Secretary, Dept of Defence, Australia discussed bilateral defence &amp; strategic issues with Air Marshal BR Krishna, CISC, Lt Gen GAV Reddy, DGDIA &amp; V Adm SJ Singh, Dy Chief (Ops) ",0.0,0.0,Neutral
": We're delighted that 1458 is a Media Partner for our Ideas for India conference. On air since 2014 on 1458AM,‚Ä¶",0.7,0.7,Positive
_: Sebak melihat ujian hidup di tengah Bandar besar. 1001 cerita disebalik waktu malam di KL. 12malam 200 bungkus makanan dan ai‚Ä¶,0.0,0.0,Neutral
  7  Dekh lo bhai pak people ne hi ni dekha üò≠üò≠ Anyways you should definitely watch it you'll die laughing ü§£ entertainment 100000% guaranteed &amp; it's more &amp; more special cause woh india main air hua tha tv pe Zee zindagi pe ü•∫üëâüëà,0.4809523809523809,0.3047619047619048,Positive
_: Sebak melihat ujian hidup di tengah Bandar besar. 1001 cerita disebalik waktu malam di KL. 12malam 200 bungkus makanan dan ai‚Ä¶,0.0,0.0,Neutral
_: Sebak melihat ujian hidup di tengah Bandar besar. 1001 cerita disebalik waktu malam di KL. 12malam 200 bungkus makanan dan ai‚Ä¶,0.0,0.0,Neutral
"3551  _Scindia  Better to wait until Tata Group complete the takeover. Don't think your grievances will be heard pal.
Why fly Air India in the first place? Vistara much better and marginal difference in price.",0.5266666666666666,0.43,Positive
_: Sebak melihat ujian hidup di tengah Bandar besar. 1001 cerita disebalik waktu malam di KL. 12malam 200 bungkus makanan dan ai‚Ä¶,0.0,0.0,Neutral
"_Tweets_ 87 huh? pretty sure anime is not banned in india- it just doesnt air on tv a lot. also everyone watching pokemon at some point is true for a lot of countries, not just india",0.8462962962962962,0.3666666666666667,Positive
": UNEP &amp; _WLTrade,  &amp;  have joined forces to launch  ""Deterring and Disrupting Wildlife Trafficking in the‚Ä¶",0.0,0.0,Neutral
"Sebak melihat ujian hidup di tengah Bandar besar. 1001 cerita disebalik waktu malam di KL. 12malam 200 bungkus makanan dan air serta duit raya. Ada kawasan orang cina,kawasan India, Melayu. ",0.0,0.0,Neutral
" 10   Man, my dad was ATC so had no time to chill but told me how other departments used to function especially like Admin and folks in DGCA and Air India. Corrupted as hell. Air India kids used to travel business class for entrance exams. I saw it with my own eyes.",0.7916666666666666,0.15833333333333333,Positive
" 3rd class call center. They don't even have good quality headphones. And the staff is arrogant they disconnect the call without informing to you. Don't ever travel with Vistara.
6E is the best....
Vistara will beat the air india in 3rd class services.",0.2,0.32,Positive
"AirPollution is currently the second-leading cause of sickness in the country, accounting for 10% of the disease burden.¬†Health AirQuality   

",0.4,0.0,Neutral
"On WorldPilotsDay, our salute to the brave aviators across India and around the world! WorldPilotDay RajeevGandhi flightrider PrimeMinisterOfIndia risktakers jet pilots pilot aviation pilotlife avgeek karyakarta aviationphotography aviationlovers aviationgeek air ",1.0,1.0,Positive
"Suddenly my mother wants me to drop all my hopes and dreams, so that I can become an Air Hostess for Air india???",0.3,0.1,Positive
"2000: Welcome back, Air India üõ¨üè† ",0.45,0.4,Positive
As  didn't reply we booked flight with  thanks for prompt help Air India üëç ,0.2,0.2,Positive
46  I'm shocked you are not worried about the carbon footprint of China of India?  Thier pollution is so significant it makes our air dirty..  And you talk about a lightbulb?  ü§î,0.8250000000000001,-0.3083333333333333,Negative
" 

And they say Privatisation is the panacea",0.0,0.0,Neutral
"18Live: Several companies like LG Electronics, Mitsubishi Electric, Adani Copper Tubes, Jindal Poly films, Crompton Greaves, Wipr‚Ä¶",0.0,0.0,Neutral
 Keh bhi kon raha hai jahan india main daily students keh saath harassment hoti hai air religion keh naam par maara jata hai students ko don't tell us yahan kia hua pehle apne girehbaan main jhanko hindu extremists!,0.2222222222222222,0.125,Positive
"         _India _India Need reforms change PPP in govt, not corrupted govt need clean air water affordable quality food education healthcare, not densely populated slums, dilapidated illegal buildings, congested narrow roads stop littering gutka spitting urine passing, blanket ban on loudspeakers",0.5333333333333333,-0.1111111111111111,Negative
"18Live: Several companies like LG Electronics, Mitsubishi Electric, Adani Copper Tubes, Jindal Poly films, Crompton Greaves, Wipr‚Ä¶",0.0,0.0,Neutral
"Several companies like LG Electronics, Mitsubishi Electric, Adani Copper Tubes, Jindal Poly films, Crompton Greaves, Wipro, Zeco Aircon, Starion India and Swaminathan Enterprises are among companies which have applied for manufacturing components of Air conditioners &amp; LED Lights",0.0,0.0,Neutral
"Air quality in New Delhi US Embassy, India (‡§®‡§à ‡§¶‡§ø‡§≤‡•ç‡§≤‡•Ä ‡§Ö‡§Æ‡•á‡§∞‡§ø‡§ï‡•Ä ‡§¶‡•Ç‡§§‡§æ‡§µ‡§æ‡§∏) is 151 (pm25)

At: 2022-04-26 19:00:00
Source: World Meteorological Organization - surface synoptic observations (WMO-SYNOP) 
",0.45454545454545453,0.13636363636363635,Positive
"This is how our air reconnaissance works together with the Armed Forces of Ukraine üí™ And combat drones help to destroy enemy armored vehicles.

 In addition, daily air reconnaissance conducts almost 300 missions to monitor the movement..

Ukraine EU European US CINA INDIA ",0.0,-0.06666666666666667,Negative
"_Plaha: India has a legacy of 'democracy failures' like failure to provide education, healthcare, clean air, adequate nourishment,‚Ä¶",0.4444444444444444,0.12777777777777777,Positive
": Air India Flights to Hong Kong Banned Till April 24 After 3 Passengers Test Covid-Positive.


‚Ä¶",0.0,0.0,Neutral
5252 Next time India should not send air planes just send a letter to Bajwa.,0.0,0.0,Neutral
 Orang di sana pake filteran air gitu gak? Di India aku liat pada pake itu jadi orang tinggal masukin dari keran aja. Repotnya nambah biaya PAM tapi ya mending daripada beli botol terus...,0.0,0.0,Neutral
: Tata Group is in talks with both the govt and operators of Mumbai airport to renegotiate the leasing agreements for th‚Ä¶,0.0,0.0,Neutral
": NewsAlert | Akasa Air, India‚Äôs newest carrier, will begin commercial operations in July. ",0.0,0.0,Neutral
"Tata Group is in talks with both the govt and operators of Mumbai airport to renegotiate the leasing agreements for the land on which Air India‚Äôs residential colonies are built in the two cities.

Read more üëá


by _K  TataGroup AirIndia",0.5,0.5,Positive
"5  India made such a progress due to Peace, Unity and Development Rally.. Now every Indian get proper meal.. Hardly anyone is jobless.. Prices of gas is all time low.. 24x7 electricity in whole India.. Pure air and pure water even in gutter.. Modiji made India bestüôèüôèüôèüôè",0.40208333333333335,0.026488095238095234,Positive
"- LG, Mitsubishi Electric, Adani Copper Tubes, Jindal Poly films, Crompton Greaves, Wipro, Zeco Aircon, Starion India &amp; Swaminathan Enterprises are among companies which have applied for manufacturing components of Air conditioners and LED Lights

 ",0.0,0.0,Neutral
"üî¥Air India Airport Services Limited AIASL Recruitment
‚ñ™Ô∏èPost - Executives/Handyman (Ground Duty) 
‚ñ™Ô∏èSalary - Rs 25,300 pm
‚ñ™Ô∏èAge Limit - (18-28)
‚ñ™Ô∏èLast Date - 27-04-2022
üëâApply Here =&gt; 
üëâTelegram Link =&gt; 

airindia recruitment ",0.14285714285714285,-0.07142857142857142,Negative
India needs more full service Airlines like Jet Airways and the new Air India under the Tatas to be there and the market to not remain just of low cost carriers like Indigo and Spicejet.,0.45113636363636367,0.24659090909090908,Positive
"In Spotlight today

Topic: ‡§ú‡§Æ‡•ç‚Äç‡§Æ‡•Ç-‡§ï‡§∂‡•ç‚Äç‡§Æ‡•Ä‡§∞ ‡§ï‡•á ‡§™‡§∞‡§ø‡§µ‡§∞‡•ç‡§§‡§® ‡§ï‡•Ä ‡§∂‡•ç‡§∞‡•É‡§Ç‡§ñ‡§≤‡§æ ‡§Æ‡•á‡§Ç ‡§™‡•ç‡§∞‡§∏‡•ç‚Äç‡§§‡•Å‡§§ ‡§π‡•à ‡§µ‡§ø‡§∂‡•á‡§∑ ‡§ï‡§æ‡§∞‡•ç‡§Ø‡§ï‡•ç‡§∞‡§Æ ‚Äì ‡§ú‡§Æ‡•ç‚Äç‡§Æ‡•Ç-‡§ï‡§∂‡•ç‚Äç‡§Æ‡•Ä‡§∞, ‡§è‡§ï ‡§®‡§à ‡§∏‡•Å‡§¨‡§π

üî¥LIVE on FM GOLDüìªand News On AIRüì±App from 09:15‚è∞PM

Also on: 

üéôÔ∏èStay Tuned |  | _India | _India |  ",0.0,0.0,Neutral
": ‡§≠‡§æ‡§∞‡§§ ‡§Æ‡•á‡§Ç ‡§á‡§∏ ‡§∏‡§æ‡§≤ ‡§¨‡•á‡§π‡§¶ ‡§ñ‡§§‡§∞‡§®‡§æ‡§ï ‡§π‡•à ‡§ó‡§∞‡•ç‡§Æ ‡§π‡§µ‡§æ ‡§ï‡•á ‡§•‡§™‡•á‡§°‡§º‡•á, ‡§ï‡§ø‡§∏ ‡§∞‡§æ‡§ú‡•ç‡§Ø ‡§Æ‡•á‡§Ç ‡§ï‡§ø‡§§‡§®‡•Ä ‡§Ü‡§à ‡§π‡•Ä‡§ü ‡§µ‡•á‡§µ... ‡§ú‡§æ‡§®‡•á‡§Ç

HeatwaveInIndia IMD HeatWave‚Ä¶",0.0,0.0,Neutral
23232726  Number doesn't work as usual. Please take this up on priority and ask your customer support to call us on the number I have DM to air india,0.25,-0.25,Negative
": ICYMI: The beauty queen was fetched by Narvacan, Ilocos Sur Mayor Luis ‚ÄúChavit‚Äù Singson from her homeland India using h‚Ä¶",0.0,0.0,Neutral
" Dear Sir, you are allowed to carry 1 additional laptop bag along with one piece of hand baggage weighing not more than 8 kg for Air India flights. Kindly refers to the link  for further details.",0.6333333333333333,0.11666666666666665,Positive
"NewsAlert | Akasa Air, India‚Äôs newest carrier, will begin commercial operations in July. ",0.0,0.0,Neutral
" no change in Air India.
Our flight to Newark is delayed by 36 hours.
And Air India not helping us to go on an earlier flight.

Do not use Air India nothing has changed.",0.5,0.0,Neutral
"1aneGuy Have been to Boeing and Air India's MRO in Nagpur....
The overall place is just WOW",0.5,0.05,Positive
": A short history of the Indian Navy‚Äôs air wing and its service rendered to the nation, both during war and peace.

",0.3,0.0,Neutral
"ICYMI: The beauty queen was fetched by Narvacan, Ilocos Sur Mayor Luis ‚ÄúChavit‚Äù Singson from her homeland India using his private plane Air Beauty One. MissUniversePhilippines2022 | via 

",0.375,0.0,Neutral
"_84: Bihar Air Pollution: ‡§¨‡§ø‡§π‡§æ‡§∞ ‡§ï‡§æ ‡§∏‡§¨‡§∏‡•á ‡§ó‡§Ç‡§¶‡§æ ‡§∂‡§π‡§∞ ‡§¨‡§®‡§æ ‡§¶‡§∞‡§≠‡§Ç‡§ó‡§æ, ‡§π‡§µ‡§æ ‡§∏‡§¨‡§∏‡•á ‡§ú‡•ç‡§Ø‡§æ‡§¶‡§æ ‡§™‡•ç‡§∞‡§¶‡•Ç‡§∑‡§ø‡§§ 
 
 
‚Ä¶",0.0,0.0,Neutral
"_F Yes we are! üôè India and Pakistan especially this region because of Himalayas, are both benificial and harmed, we have three sides costal border, all air, heat waves generated, come back to the region again after colliding with mighty Himalayas! Climate change serious for Asians!",0.6416666666666666,0.020833333333333343,Positive
"Marketplace: HORPIN New Airtight Container Jar Set For Kitchen - 900ml Set Of 6, Jar Set For Kitchen, Kitchen Organizer Container Set Items, Air Tight Containers For Kitchen Storage, Made In India (Aqua Green): 

Made of BPA-free Certified
maaukitchenn ",0.34675324675324676,-0.08073593073593074,Negative
Best air cooler in india | Orient Toanado CD8801H with 88 L Water Tank¬†Capacities ,0.3,1.0,Positive
"A short history of the Indian Navy‚Äôs air wing and its service rendered to the nation, both during war and peace.

",0.3,0.0,Neutral
: Air India goes to Tata and the land goes to Adani?,0.0,0.0,Neutral
"ICYMI: The beauty queen was fetched by Narvacan, Ilocos Sur Mayor Luis ‚ÄúChavit‚Äù Singson from her homeland India using his private plane Air Beauty One. MissUniversePhilippines2022

",0.375,0.0,Neutral
"A bloody air battle, afterward, an Indian fighter pilot spies a disabled Iranian fighter plane flying over no-man's land between India and Pakistan &amp; prepares to attack. Appearances can be deceiving! ",0.6,-0.525,Negative
 Air india,0.0,0.0,Neutral
"NewsAtCSC | We are excited to share with you that Cargo Service Center India Pvt. Ltd. is nominated as "" Cargo Ground Handler of the year ‚Äì Region India"" in the STAT Times International Awards 2022.
The voting link:


aircargo logistics supplychain ",0.2833333333333333,0.09166666666666667,Positive
": If Manipal hospital has 4 patients, the hospitals in North India- where cow dung was burnt in tons for Holika Dahan, and t‚Ä¶",0.16666666666666666,-0.13333333333333333,Negative
"4X: As warned by the Great Visionary, Dr. 39 Ji..
              üëáüëáüëáüëáüëáüëáüëáüëáüëá
Air India loses preferential access to bilateral‚Ä¶",0.425,0.25,Positive
"Trip Report: Flying on Air India after the Tata takeover. AI 665 DEL-BOM
",0.0,0.0,Neutral
"62: India is¬†not on invitation list for high-level military meeting on Ukraine, to be hosted today in Ramstein Air Force Base, Ger‚Ä¶",0.55,-0.45,Negative
:   _Scindia I am literally frustrated following up with Makemytrip and air India for the refund. I ha‚Ä¶,0.15000000000000002,-0.35,Negative
"Glad Dr. Santhosh asked about cow dung exposure to the patients. Certainly a step forward. But, while direct exposure is a risk, in India, the spores are likely spreading through the air. from burning dung. Hence patients with no direct contact with cows will also get infected.",0.5896825396825397,0.10515873015873016,Positive
"If Manipal hospital has 4 patients, the hospitals in North India- where cow dung was burnt in tons for Holika Dahan, and the air must have been thick with Mucorales spores - will certainly be having more. 

Thank you, , for this report. 

  ",0.4282738095238095,0.07023809523809524,Positive
"52333133: At a meeting of defense ministers from more than 40 countries at the US Ramstein Air Base in Germany, US Secretary of De‚Ä¶",0.75,-0.15000000000000002,Negative
: Pathetic customer support by   and  . My flight was cancelled in Mar'2022 &amp; still haven't received an‚Ä¶,1.0,-1.0,Negative
" I plan to book ICN ‚Äî MAA , and the connecting flight at new delhi is 1 hr 55 mins apart and it also shows terminal change . Does air india support passengers to prioritize with domestic transit ?",0.2772727272727273,0.06818181818181818,Positive
" Cant explain d torture &amp; harassment v faced on 24/4 @ d hands of Air India .They told us our connecting flight AI607 was cancelled when it was not.Suffered 4 hours @ BOM with an infant &amp; a differently-abled kid 
",0.0,0.0,Neutral
"Pathetic customer support by   and  . My flight was cancelled in Mar'2022 &amp; still haven't received any refund. Endless looping between both customer care helplines, with no way out.   is this the new normal for Air India?",0.7136363636363636,-0.2096590909090909,Negative
": ‚ÄúNo one can serve two masters.Either he will hate the one and love the other, or he will be devoted to the one and despi‚Ä¶",0.625,-0.1416666666666667,Negative
 local police ka kahana Hai Air India Walon ke khilaf kaarvayi karai jaaye ticket karne walon ke khilaf koi karyvahi Nahin Hoti jab case Mein ticket karne wala hi apraadhi hai,0.0,0.0,Neutral
"Bihar Air Pollution: ‡§¨‡§ø‡§π‡§æ‡§∞ ‡§ï‡§æ ‡§∏‡§¨‡§∏‡•á ‡§ó‡§Ç‡§¶‡§æ ‡§∂‡§π‡§∞ ‡§¨‡§®‡§æ ‡§¶‡§∞‡§≠‡§Ç‡§ó‡§æ, ‡§π‡§µ‡§æ ‡§∏‡§¨‡§∏‡•á ‡§ú‡•ç‡§Ø‡§æ‡§¶‡§æ ‡§™‡•ç‡§∞‡§¶‡•Ç‡§∑‡§ø‡§§ 
 
 
_dm 
3 
_IAS 
_saraogi 
 
 via",0.0,0.0,Neutral
"62: India is¬†not on invitation list for high-level military meeting on Ukraine, to be hosted today in Ramstein Air Force Base, Ger‚Ä¶",0.55,-0.45,Negative
": ‚ÄúNo one can serve two masters.Either he will hate the one and love the other, or he will be devoted to the one and despi‚Ä¶",0.625,-0.1416666666666667,Negative
"At a meeting of defense ministers from more than 40 countries at the US Ramstein Air Base in Germany, US Secretary of Defense Lloyd Austin said that partner countries had already raised about $ 5 billion in military aid to ...
Ukraine EU European US CINA INDIA ",0.4,-0.1,Negative
: The Indian Air Force has carried out extensive resurfacing work on the runway of Bagdogra airfield enabling civil aircraft to‚Ä¶,0.3333333333333333,0.0,Neutral
": A national level Logistics seminar is being organised by IAF on 28 Apr 2022 at Air Force Auditorium, New Delhi. The seminar wi‚Ä¶",0.45454545454545453,0.13636363636363635,Positive
": ‚ÄúNo one can serve two masters.Either he will hate the one and love the other, or he will be devoted to the one and despi‚Ä¶",0.625,-0.1416666666666667,Negative
Good night India gets one moth extention means is this also going off air üòÆüòÆMaddamSir,0.6000000000000001,0.7,Positive
" , 
 , 
Dear all pls strictly prohibited and strong all india air Port ,bus stop,all horber  city area strong strictly LOCAL DC pass msgs avoid karona ivwave  otherwise central govt suffering money sending pls pls avoid starting stge",0.36333333333333334,0.1733333333333333,Positive
"The Indian Air Force has carried out extensive resurfacing work on the runway of Bagdogra airfield enabling civil aircraft to resume operations from the morning of 26 April 2022.

 _MCC _India ",0.3333333333333333,0.0,Neutral
"‚ÄúNo one can serve two masters.Either he will hate the one and love the other, or he will be devoted to the one and despise the other. You cannot serve both..""

So  can rely on China,not India!

By d by, d Air Force Base is ours which was called as Ramsita duringTretaYugaüòèüòè ",0.65,-0.27625,Negative
"A national level Logistics seminar is being organised by IAF on 28 Apr 2022 at Air Force Auditorium, New Delhi. The seminar will be inaugurated by the CAS.

 _MCC _India",0.45454545454545453,0.13636363636363635,Positive
 it‚Äôs commendable that you‚Äôve pulled up SpiceJet and air India for their shabby aircrafts. But please look into this complaint of mine posted months ago and the apathy of 6E towards its customers,0.2,-0.3,Negative
"AIC150 VT-ANP Boeing 787 8 Air India: 2.2 mi away @ 4800 ft and 22.0¬∞ frm hrzn, heading E @ 291.6mi/h 13:43:25. OverPutney Putney SW15 ADSB tar1090 ",0.0,0.0,Neutral
"AIR COMPERSSOR VSDs MODEL LAUNCHED IN INDIA.

We are happy to share  ..For more info visit... ",0.75,0.65,Positive
"  So with this change, is it advisable to join the air india frequent flyer program?",0.3,0.1,Positive
"_Faridabad     _Faridabad    _India  77  Who will clear this killer air sponcered by MCF, our MLA, our MP, our CM to us  ‡§™‡§π‡§æ‡§°‡§º‡•Ä",0.3833333333333333,0.10000000000000002,Positive
